 X ,YCOO, ZCOO ,SCAL
  2.000000000000000E-006 ,  2.000000000000000E-006 , 0,  5.757390249362889E-009
  2.000000000000000E-006 ,  6.000000000000000E-006 , 0,  2.198651459571063E-008
  2.000000000000000E-006 ,  9.999999999999999E-006 , 0,  3.368774583781884E-008
  2.000000000000000E-006 ,  1.400000000000000E-005 , 0,  4.420814932234878E-008
  2.000000000000000E-006 ,  1.800000000000000E-005 , 0,  5.383421688350110E-008
  2.000000000000000E-006 ,  2.200000000000000E-005 , 0,  6.320637082379939E-008
  2.000000000000000E-006 ,  2.600000000000000E-005 , 0,  7.186830900839183E-008
  2.000000000000000E-006 ,  3.000000000000000E-005 , 0,  8.047329481412314E-008
  2.000000000000000E-006 ,  3.400000000000000E-005 , 0,  8.839029323205827E-008
  2.000000000000000E-006 ,  3.800000000000000E-005 , 0,  9.631053882937374E-008
  2.000000000000000E-006 ,  4.200000000000000E-005 , 0,  1.037977911717686E-007
  2.000000000000000E-006 ,  4.700000000000000E-005 , 0,  1.128166513113799E-007
  2.000000000000000E-006 ,  5.450000000000000E-005 , 0,  1.256406437804363E-007
  2.000000000000000E-006 ,  6.549999999999999E-005 , 0,  1.425606277335107E-007
  2.000000000000000E-006 ,  8.150000000000000E-005 , 0,  1.632618525072251E-007
  2.000000000000000E-006 ,  1.050000000000000E-004 , 0,  1.852657852036513E-007
  2.000000000000000E-006 ,  1.400000000000000E-004 , 0,  2.007223255682674E-007
  2.000000000000000E-006 ,  1.955000000000000E-004 , 0,  2.076602608172254E-007
  2.000000000000000E-006 ,  2.650000000000000E-004 , 0,  2.085412031106575E-007
  6.000000000000000E-006 ,  2.000000000000000E-006 , 0,  2.198650703280535E-008
  6.000000000000000E-006 ,  6.000000000000000E-006 , 0,  1.625052720844030E-007
  6.000000000000000E-006 ,  9.999999999999999E-006 , 0,  2.837165300504791E-007
  6.000000000000000E-006 ,  1.400000000000000E-005 , 0,  4.031681904254030E-007
  6.000000000000000E-006 ,  1.800000000000000E-005 , 0,  5.231273390491967E-007
  6.000000000000000E-006 ,  2.200000000000000E-005 , 0,  6.404485215557300E-007
  6.000000000000000E-006 ,  2.600000000000000E-005 , 0,  7.586901650416139E-007
  6.000000000000000E-006 ,  3.000000000000000E-005 , 0,  8.730600033263172E-007
  6.000000000000000E-006 ,  3.400000000000000E-005 , 0,  9.879801564295977E-007
  6.000000000000000E-006 ,  3.800000000000000E-005 , 0,  1.098985268423464E-006
  6.000000000000000E-006 ,  4.200000000000000E-005 , 0,  1.209393935656577E-006
  6.000000000000000E-006 ,  4.700000000000000E-005 , 0,  1.343485247907009E-006
  6.000000000000000E-006 ,  5.450000000000000E-005 , 0,  1.537424305678970E-006
  6.000000000000000E-006 ,  6.549999999999999E-005 , 0,  1.801736894607412E-006
  6.000000000000000E-006 ,  8.150000000000000E-005 , 0,  2.134037085373306E-006
  6.000000000000000E-006 ,  1.050000000000000E-004 , 0,  2.492661620345843E-006
  6.000000000000000E-006 ,  1.400000000000000E-004 , 0,  2.753034992864991E-006
  6.000000000000000E-006 ,  1.955000000000000E-004 , 0,  2.864624649662640E-006
  6.000000000000000E-006 ,  2.650000000000000E-004 , 0,  2.883124987998884E-006
  9.999999999999999E-006 ,  2.000000000000000E-006 , 0,  3.368774515461954E-008
  9.999999999999999E-006 ,  6.000000000000000E-006 , 0,  2.837164375510493E-007
  9.999999999999999E-006 ,  9.999999999999999E-006 , 0,  4.931685003441735E-007
  9.999999999999999E-006 ,  1.400000000000000E-005 , 0,  7.020761681439847E-007
  9.999999999999999E-006 ,  1.800000000000000E-005 , 0,  9.058595797572612E-007
  9.999999999999999E-006 ,  2.200000000000000E-005 , 0,  1.112586901013833E-006
  9.999999999999999E-006 ,  2.600000000000000E-005 , 0,  1.311098452791064E-006
  9.999999999999999E-006 ,  3.000000000000000E-005 , 0,  1.513543237201132E-006
  9.999999999999999E-006 ,  3.400000000000000E-005 , 0,  1.706719227348511E-006
  9.999999999999999E-006 ,  3.800000000000000E-005 , 0,  1.901743305127941E-006
  9.999999999999999E-006 ,  4.200000000000000E-005 , 0,  2.088757590222012E-006
  9.999999999999999E-006 ,  4.700000000000000E-005 , 0,  2.320201557691203E-006
  9.999999999999999E-006 ,  5.450000000000000E-005 , 0,  2.651608907220223E-006
  9.999999999999999E-006 ,  6.549999999999999E-005 , 0,  3.104442096924575E-006
  9.999999999999999E-006 ,  8.150000000000000E-005 , 0,  3.670446330812186E-006
  9.999999999999999E-006 ,  1.050000000000000E-004 , 0,  4.278203008696984E-006
  9.999999999999999E-006 ,  1.400000000000000E-004 , 0,  4.717529118275490E-006
  9.999999999999999E-006 ,  1.955000000000000E-004 , 0,  4.902403608596648E-006
  9.999999999999999E-006 ,  2.650000000000000E-004 , 0,  4.934395687042790E-006
  1.400000000000000E-005 ,  2.000000000000000E-006 , 0,  4.420806003211923E-008
  1.400000000000000E-005 ,  6.000000000000000E-006 , 0,  4.031684238286097E-007
  1.400000000000000E-005 ,  9.999999999999999E-006 , 0,  7.020762541411428E-007
  1.400000000000000E-005 ,  1.400000000000000E-005 , 0,  9.936208118042155E-007
  1.400000000000000E-005 ,  1.800000000000000E-005 , 0,  1.288649713723709E-006
  1.400000000000000E-005 ,  2.200000000000000E-005 , 0,  1.572431634059491E-006
  1.400000000000000E-005 ,  2.600000000000000E-005 , 0,  1.864045967383707E-006
  1.400000000000000E-005 ,  3.000000000000000E-005 , 0,  2.140925429642159E-006
  1.400000000000000E-005 ,  3.400000000000000E-005 , 0,  2.424992002970560E-006
  1.400000000000000E-005 ,  3.800000000000000E-005 , 0,  2.694453310678883E-006
  1.400000000000000E-005 ,  4.200000000000000E-005 , 0,  2.964825506800954E-006
  1.400000000000000E-005 ,  4.700000000000000E-005 , 0,  3.290593248785544E-006
  1.400000000000000E-005 ,  5.450000000000000E-005 , 0,  3.760728532107040E-006
  1.400000000000000E-005 ,  6.549999999999999E-005 , 0,  4.403107714563176E-006
  1.400000000000000E-005 ,  8.150000000000000E-005 , 0,  5.201786029402280E-006
  1.400000000000000E-005 ,  1.050000000000000E-004 , 0,  6.055758539819671E-006
  1.400000000000000E-005 ,  1.400000000000000E-004 , 0,  6.664824170203718E-006
  1.400000000000000E-005 ,  1.955000000000000E-004 , 0,  6.918720331716910E-006
  1.400000000000000E-005 ,  2.650000000000000E-004 , 0,  6.961337466868712E-006
  1.800000000000000E-005 ,  2.000000000000000E-006 , 0,  5.383433081058297E-008
  1.800000000000000E-005 ,  6.000000000000000E-006 , 0,  5.231272051557851E-007
  1.800000000000000E-005 ,  9.999999999999999E-006 , 0,  9.058597218375218E-007
  1.800000000000000E-005 ,  1.400000000000000E-005 , 0,  1.288649114691771E-006
  1.800000000000000E-005 ,  1.800000000000000E-005 , 0,  1.659380759710621E-006
  1.800000000000000E-005 ,  2.200000000000000E-005 , 0,  2.039707728040518E-006
  1.800000000000000E-005 ,  2.600000000000000E-005 , 0,  2.402236288770841E-006
  1.800000000000000E-005 ,  3.000000000000000E-005 , 0,  2.778070430932308E-006
  1.800000000000000E-005 ,  3.400000000000000E-005 , 0,  3.132437631833752E-006
  1.800000000000000E-005 ,  3.800000000000000E-005 , 0,  3.492640249312825E-006
  1.800000000000000E-005 ,  4.200000000000000E-005 , 0,  3.837692038027252E-006
  1.800000000000000E-005 ,  4.700000000000000E-005 , 0,  4.262673034467616E-006
  1.800000000000000E-005 ,  5.450000000000000E-005 , 0,  4.872802173472059E-006
  1.800000000000000E-005 ,  6.549999999999999E-005 , 0,  5.708266902943926E-006
  1.800000000000000E-005 ,  8.150000000000000E-005 , 0,  6.742545060557334E-006
  1.800000000000000E-005 ,  1.050000000000000E-004 , 0,  7.838235365151799E-006
  1.800000000000000E-005 ,  1.400000000000000E-004 , 0,  8.605947417738749E-006
  1.800000000000000E-005 ,  1.955000000000000E-004 , 0,  8.922051469646232E-006
  1.800000000000000E-005 ,  2.650000000000000E-004 , 0,  8.975472245908973E-006
  2.200000000000000E-005 ,  2.000000000000000E-006 , 0,  6.320654504941217E-008
  2.200000000000000E-005 ,  6.000000000000000E-006 , 0,  6.404500235405130E-007
  2.200000000000000E-005 ,  9.999999999999999E-006 , 0,  1.112587298223571E-006
  2.200000000000000E-005 ,  1.400000000000000E-005 , 0,  1.572433552733952E-006
  2.200000000000000E-005 ,  1.800000000000000E-005 , 0,  2.039709109185672E-006
  2.200000000000000E-005 ,  2.200000000000000E-005 , 0,  2.489524159650671E-006
  2.200000000000000E-005 ,  2.600000000000000E-005 , 0,  2.956561775409028E-006
  2.200000000000000E-005 ,  3.000000000000000E-005 , 0,  3.396981862859898E-006
  2.200000000000000E-005 ,  3.400000000000000E-005 , 0,  3.854697329134165E-006
  2.200000000000000E-005 ,  3.800000000000000E-005 , 0,  4.287764335419018E-006
  2.200000000000000E-005 ,  4.200000000000000E-005 , 0,  4.717261452599061E-006
  2.200000000000000E-005 ,  4.700000000000000E-005 , 0,  5.238783806289931E-006
  2.200000000000000E-005 ,  5.450000000000000E-005 , 0,  5.991317274988158E-006
  2.200000000000000E-005 ,  6.549999999999999E-005 , 0,  7.026024765123189E-006
  2.200000000000000E-005 ,  8.150000000000000E-005 , 0,  8.300274531221940E-006
  2.200000000000000E-005 ,  1.050000000000000E-004 , 0,  9.633087425404346E-006
  2.200000000000000E-005 ,  1.400000000000000E-004 , 0,  1.054567961897146E-005
  2.200000000000000E-005 ,  1.955000000000000E-004 , 0,  1.091544299895298E-005
  2.200000000000000E-005 ,  2.650000000000000E-004 , 0,  1.097943865511637E-005
  2.600000000000000E-005 ,  2.000000000000000E-006 , 0,  7.186839432362133E-008
  2.600000000000000E-005 ,  6.000000000000000E-006 , 0,  7.586924645707091E-007
  2.600000000000000E-005 ,  9.999999999999999E-006 , 0,  1.311102565526237E-006
  2.600000000000000E-005 ,  1.400000000000000E-005 , 0,  1.864045697788694E-006
  2.600000000000000E-005 ,  1.800000000000000E-005 , 0,  2.402240372978715E-006
  2.600000000000000E-005 ,  2.200000000000000E-005 , 0,  2.956447633858548E-006
  2.600000000000000E-005 ,  2.600000000000000E-005 , 0,  3.483380878189028E-006
  2.600000000000000E-005 ,  3.000000000000000E-005 , 0,  4.043549639666156E-006
  2.600000000000000E-005 ,  3.400000000000000E-005 , 0,  6.367695233965922E-006
  2.600000000000000E-005 ,  3.800000000000000E-005 , 0,  4.865589809461711E-005
  2.600000000000000E-005 ,  4.200000000000000E-005 , 0,  1.013505332613841E-004
  2.600000000000000E-005 ,  4.700000000000000E-005 , 0,  1.420746403089412E-004
  2.600000000000000E-005 ,  5.450000000000000E-005 , 0,  1.073686884015355E-004
  2.600000000000000E-005 ,  6.549999999999999E-005 , 0,  3.201423215131877E-005
  2.600000000000000E-005 ,  8.150000000000000E-005 , 0,  9.883752461762880E-006
  2.600000000000000E-005 ,  1.050000000000000E-004 , 0,  1.144660164123885E-005
  2.600000000000000E-005 ,  1.400000000000000E-004 , 0,  1.248790770503418E-005
  2.600000000000000E-005 ,  1.955000000000000E-004 , 0,  1.290460937069196E-005
  2.600000000000000E-005 ,  2.650000000000000E-004 , 0,  1.297294336587393E-005
  3.000000000000000E-005 ,  2.000000000000000E-006 , 0,  8.047476943938102E-008
  3.000000000000000E-005 ,  6.000000000000000E-006 , 0,  8.730661032943828E-007
  3.000000000000000E-005 ,  9.999999999999999E-006 , 0,  1.513533967728681E-006
  3.000000000000000E-005 ,  1.400000000000000E-005 , 0,  2.140923480522366E-006
  3.000000000000000E-005 ,  1.800000000000000E-005 , 0,  2.777990500852768E-006
  3.000000000000000E-005 ,  2.200000000000000E-005 , 0,  3.396433609315416E-006
  3.000000000000000E-005 ,  2.600000000000000E-005 , 0,  4.045192621866357E-006
  3.000000000000000E-005 ,  3.000000000000000E-005 , 0,  2.286299938217481E-005
  3.000000000000000E-005 ,  3.400000000000000E-005 , 0,  2.815071003313668E-004
  3.000000000000000E-005 ,  3.800000000000000E-005 , 0,  1.125151279643957E-003
  3.000000000000000E-005 ,  4.200000000000000E-005 , 0,  1.804172786696038E-003
  3.000000000000000E-005 ,  4.700000000000000E-005 , 0,  2.194007670366094E-003
  3.000000000000000E-005 ,  5.450000000000000E-005 , 0,  2.177885333560958E-003
  3.000000000000000E-005 ,  6.549999999999999E-005 , 0,  1.408791555581058E-003
  3.000000000000000E-005 ,  8.150000000000000E-005 , 0,  1.659205193780412E-004
  3.000000000000000E-005 ,  1.050000000000000E-004 , 0,  1.328892411510074E-005
  3.000000000000000E-005 ,  1.400000000000000E-004 , 0,  1.443595897763755E-005
  3.000000000000000E-005 ,  1.955000000000000E-004 , 0,  1.488943829306430E-005
  3.000000000000000E-005 ,  2.650000000000000E-004 , 0,  1.496121486382681E-005
  3.400000000000000E-005 ,  2.000000000000000E-006 , 0,  8.839579237617063E-008
  3.400000000000000E-005 ,  6.000000000000000E-006 , 0,  9.879828193482421E-007
  3.400000000000000E-005 ,  9.999999999999999E-006 , 0,  1.706708628151015E-006
  3.400000000000000E-005 ,  1.400000000000000E-005 , 0,  2.425002758507861E-006
  3.400000000000000E-005 ,  1.800000000000000E-005 , 0,  3.132352159622452E-006
  3.400000000000000E-005 ,  2.200000000000000E-005 , 0,  3.855822282937487E-006
  3.400000000000000E-005 ,  2.600000000000000E-005 , 0,  6.377798047313950E-006
  3.400000000000000E-005 ,  3.000000000000000E-005 , 0,  2.817840024865018E-004
  3.400000000000000E-005 ,  3.400000000000000E-005 , 0,  1.681511267014216E-003
  3.400000000000000E-005 ,  3.800000000000000E-005 , 0,  2.788363196576777E-003
  3.400000000000000E-005 ,  4.200000000000000E-005 , 0,  3.433386820221896E-003
  3.400000000000000E-005 ,  4.700000000000000E-005 , 0,  3.945704938915976E-003
  3.400000000000000E-005 ,  5.450000000000000E-005 , 0,  4.416405722343464E-003
  3.400000000000000E-005 ,  6.549999999999999E-005 , 0,  4.708832881112420E-003
  3.400000000000000E-005 ,  8.150000000000000E-005 , 0,  3.935336458851897E-003
  3.400000000000000E-005 ,  1.050000000000000E-004 , 0,  8.546517439433711E-004
  3.400000000000000E-005 ,  1.400000000000000E-004 , 0,  3.013043628103811E-005
  3.400000000000000E-005 ,  1.955000000000000E-004 , 0,  1.686936810170375E-005
  3.400000000000000E-005 ,  2.650000000000000E-004 , 0,  1.694644513561510E-005
  3.800000000000000E-005 ,  2.000000000000000E-006 , 0,  9.631436553763172E-008
  3.800000000000000E-005 ,  6.000000000000000E-006 , 0,  1.098991936470784E-006
  3.800000000000000E-005 ,  9.999999999999999E-006 , 0,  1.901726596353586E-006
  3.800000000000000E-005 ,  1.400000000000000E-005 , 0,  2.694460215725304E-006
  3.800000000000000E-005 ,  1.800000000000000E-005 , 0,  3.493629894969387E-006
  3.800000000000000E-005 ,  2.200000000000000E-005 , 0,  4.283777101638382E-006
  3.800000000000000E-005 ,  2.600000000000000E-005 , 0,  4.871383025969659E-005
  3.800000000000000E-005 ,  3.000000000000000E-005 , 0,  1.126266886358031E-003
  3.800000000000000E-005 ,  3.400000000000000E-005 , 0,  2.788811442104858E-003
  3.800000000000000E-005 ,  3.800000000000000E-005 , 0,  3.766532533848203E-003
  3.800000000000000E-005 ,  4.200000000000000E-005 , 0,  4.414777306206328E-003
  3.800000000000000E-005 ,  4.700000000000000E-005 , 0,  5.034990860390491E-003
  3.800000000000000E-005 ,  5.450000000000000E-005 , 0,  5.785085126970311E-003
  3.800000000000000E-005 ,  6.549999999999999E-005 , 0,  6.661092501302958E-003
  3.800000000000000E-005 ,  8.150000000000000E-005 , 0,  7.386555068821058E-003
  3.800000000000000E-005 ,  1.050000000000000E-004 , 0,  6.875579677659653E-003
  3.800000000000000E-005 ,  1.400000000000000E-004 , 0,  3.286840219408763E-003
  3.800000000000000E-005 ,  1.955000000000000E-004 , 0,  6.728127812687114E-004
  3.800000000000000E-005 ,  2.650000000000000E-004 , 0,  2.485359303225504E-004
  4.200000000000000E-005 ,  2.000000000000000E-006 , 0,  1.038003566999279E-007
  4.200000000000000E-005 ,  6.000000000000000E-006 , 0,  1.209406231184145E-006
  4.200000000000000E-005 ,  9.999999999999999E-006 , 0,  2.088760687538201E-006
  4.200000000000000E-005 ,  1.400000000000000E-005 , 0,  2.964763079874587E-006
  4.200000000000000E-005 ,  1.800000000000000E-005 , 0,  3.837860268303877E-006
  4.200000000000000E-005 ,  2.200000000000000E-005 , 0,  4.719467655912733E-006
  4.200000000000000E-005 ,  2.600000000000000E-005 , 0,  1.015548273394837E-004
  4.200000000000000E-005 ,  3.000000000000000E-005 , 0,  1.805687325813665E-003
  4.200000000000000E-005 ,  3.400000000000000E-005 , 0,  3.434034259017474E-003
  4.200000000000000E-005 ,  3.800000000000000E-005 , 0,  4.414967048457624E-003
  4.200000000000000E-005 ,  4.200000000000000E-005 , 0,  5.117683476537620E-003
  4.200000000000000E-005 ,  4.700000000000000E-005 , 0,  5.838893896046985E-003
  4.200000000000000E-005 ,  5.450000000000000E-005 , 0,  6.779418376610358E-003
  4.200000000000000E-005 ,  6.549999999999999E-005 , 0,  7.979870957571255E-003
  4.200000000000000E-005 ,  8.150000000000000E-005 , 0,  9.310061255267352E-003
  4.200000000000000E-005 ,  1.050000000000000E-004 , 0,  1.013553771088038E-002
  4.200000000000000E-005 ,  1.400000000000000E-004 , 0,  9.654437441747404E-003
  4.200000000000000E-005 ,  1.955000000000000E-004 , 0,  8.431041081480949E-003
  4.200000000000000E-005 ,  2.650000000000000E-004 , 0,  7.886145387747723E-003
  4.700000000000000E-005 ,  2.000000000000000E-006 , 0,  1.128195469619445E-007
  4.700000000000000E-005 ,  6.000000000000000E-006 , 0,  1.343515973537164E-006
  4.700000000000000E-005 ,  9.999999999999999E-006 , 0,  2.320211143103923E-006
  4.700000000000000E-005 ,  1.400000000000000E-005 , 0,  3.290654631114796E-006
  4.700000000000000E-005 ,  1.800000000000000E-005 , 0,  4.262584509181636E-006
  4.700000000000000E-005 ,  2.200000000000000E-005 , 0,  5.238790387107279E-006
  4.700000000000000E-005 ,  2.600000000000000E-005 , 0,  1.424556398541948E-004
  4.700000000000000E-005 ,  3.000000000000000E-005 , 0,  2.195563382321666E-003
  4.700000000000000E-005 ,  3.400000000000000E-005 , 0,  3.946344063373798E-003
  4.700000000000000E-005 ,  3.800000000000000E-005 , 0,  5.035284968125480E-003
  4.700000000000000E-005 ,  4.200000000000000E-005 , 0,  5.839015999046179E-003
  4.700000000000000E-005 ,  4.700000000000000E-005 , 0,  6.690726533444644E-003
  4.700000000000000E-005 ,  5.450000000000000E-005 , 0,  7.842762606854285E-003
  4.700000000000000E-005 ,  6.549999999999999E-005 , 0,  9.364729302124362E-003
  4.700000000000000E-005 ,  8.150000000000000E-005 , 0,  1.113649731328827E-002
  4.700000000000000E-005 ,  1.050000000000000E-004 , 0,  1.251159180904261E-002
  4.700000000000000E-005 ,  1.400000000000000E-004 , 0,  1.295506076304790E-002
  4.700000000000000E-005 ,  1.955000000000000E-004 , 0,  1.283009848720425E-002
  4.700000000000000E-005 ,  2.650000000000000E-004 , 0,  1.276509789123005E-002
  5.450000000000000E-005 ,  2.000000000000000E-006 , 0,  1.256606571391339E-007
  5.450000000000000E-005 ,  6.000000000000000E-006 , 0,  1.537519756687292E-006
  5.450000000000000E-005 ,  9.999999999999999E-006 , 0,  2.651672014558238E-006
  5.450000000000000E-005 ,  1.400000000000000E-005 , 0,  3.760754349372244E-006
  5.450000000000000E-005 ,  1.800000000000000E-005 , 0,  4.872824684205996E-006
  5.450000000000000E-005 ,  2.200000000000000E-005 , 0,  5.991299700349636E-006
  5.450000000000000E-005 ,  2.600000000000000E-005 , 0,  1.075209568733274E-004
  5.450000000000000E-005 ,  3.000000000000000E-005 , 0,  2.178892612069972E-003
  5.450000000000000E-005 ,  3.400000000000000E-005 , 0,  4.416841530386744E-003
  5.450000000000000E-005 ,  3.800000000000000E-005 , 0,  5.785279482782052E-003
  5.450000000000000E-005 ,  4.200000000000000E-005 , 0,  6.779534755423699E-003
  5.450000000000000E-005 ,  4.700000000000000E-005 , 0,  7.842811023970940E-003
  5.450000000000000E-005 ,  5.450000000000000E-005 , 0,  9.328644613746329E-003
  5.450000000000000E-005 ,  6.549999999999999E-005 , 0,  1.136834351165373E-002
  5.450000000000000E-005 ,  8.150000000000000E-005 , 0,  1.380269542866797E-002
  5.450000000000000E-005 ,  1.050000000000000E-004 , 0,  1.559424199701247E-002
  5.450000000000000E-005 ,  1.400000000000000E-004 , 0,  1.611355516318451E-002
  5.450000000000000E-005 ,  1.955000000000000E-004 , 0,  1.606559469100796E-002
  5.450000000000000E-005 ,  2.650000000000000E-004 , 0,  1.602938205088161E-002
  6.549999999999999E-005 ,  2.000000000000000E-006 , 0,  1.425679550561456E-007
  6.549999999999999E-005 ,  6.000000000000000E-006 , 0,  1.801782143995401E-006
  6.549999999999999E-005 ,  9.999999999999999E-006 , 0,  3.104462295941452E-006
  6.549999999999999E-005 ,  1.400000000000000E-005 , 0,  4.403105187974969E-006
  6.549999999999999E-005 ,  1.800000000000000E-005 , 0,  5.708260623191153E-006
  6.549999999999999E-005 ,  2.200000000000000E-005 , 0,  7.026010969672108E-006
  6.549999999999999E-005 ,  2.600000000000000E-005 , 0,  3.202296728497941E-005
  6.549999999999999E-005 ,  3.000000000000000E-005 , 0,  1.408856183040768E-003
  6.549999999999999E-005 ,  3.400000000000000E-005 , 0,  4.708812306144455E-003
  6.549999999999999E-005 ,  3.800000000000000E-005 , 0,  6.661141785371459E-003
  6.549999999999999E-005 ,  4.200000000000000E-005 , 0,  7.979930683442171E-003
  6.549999999999999E-005 ,  4.700000000000000E-005 , 0,  9.364790619755120E-003
  6.549999999999999E-005 ,  5.450000000000000E-005 , 0,  1.136839128230659E-002
  6.549999999999999E-005 ,  6.549999999999999E-005 , 0,  1.431977634863866E-002
  6.549999999999999E-005 ,  8.150000000000000E-005 , 0,  1.813453314931177E-002
  6.549999999999999E-005 ,  1.050000000000000E-004 , 0,  2.083027734373867E-002
  6.549999999999999E-005 ,  1.400000000000000E-004 , 0,  2.138608743073532E-002
  6.549999999999999E-005 ,  1.955000000000000E-004 , 0,  2.123063265133100E-002
  6.549999999999999E-005 ,  2.650000000000000E-004 , 0,  2.116962666169648E-002
  8.150000000000000E-005 ,  2.000000000000000E-006 , 0,  1.632603523003386E-007
  8.150000000000000E-005 ,  6.000000000000000E-006 , 0,  2.134014778525755E-006
  8.150000000000000E-005 ,  9.999999999999999E-006 , 0,  3.670406732870037E-006
  8.150000000000000E-005 ,  1.400000000000000E-005 , 0,  5.201733734489572E-006
  8.150000000000000E-005 ,  1.800000000000000E-005 , 0,  6.742493773438067E-006
  8.150000000000000E-005 ,  2.200000000000000E-005 , 0,  8.300226443464176E-006
  8.150000000000000E-005 ,  2.600000000000000E-005 , 0,  9.883694488076336E-006
  8.150000000000000E-005 ,  3.000000000000000E-005 , 0,  1.658450130165572E-004
  8.150000000000000E-005 ,  3.400000000000000E-005 , 0,  3.934666457555945E-003
  8.150000000000000E-005 ,  3.800000000000000E-005 , 0,  7.386338993037910E-003
  8.150000000000000E-005 ,  4.200000000000000E-005 , 0,  9.310061858494078E-003
  8.150000000000000E-005 ,  4.700000000000000E-005 , 0,  1.113660365500381E-002
  8.150000000000000E-005 ,  5.450000000000000E-005 , 0,  1.380278419632746E-002
  8.150000000000000E-005 ,  6.549999999999999E-005 , 0,  1.813460091964975E-002
  8.150000000000000E-005 ,  8.150000000000000E-005 , 0,  2.441624936225121E-002
  8.150000000000000E-005 ,  1.050000000000000E-004 , 0,  2.698045934364708E-002
  8.150000000000000E-005 ,  1.400000000000000E-004 , 0,  2.732526530198104E-002
  8.150000000000000E-005 ,  1.955000000000000E-004 , 0,  2.729887378402664E-002
  8.150000000000000E-005 ,  2.650000000000000E-004 , 0,  2.728919952319013E-002
  1.050000000000000E-004 ,  2.000000000000000E-006 , 0,  1.852622153703125E-007
  1.050000000000000E-004 ,  6.000000000000000E-006 , 0,  2.492602387309494E-006
  1.050000000000000E-004 ,  9.999999999999999E-006 , 0,  4.278099050203702E-006
  1.050000000000000E-004 ,  1.400000000000000E-005 , 0,  6.055618453338004E-006
  1.050000000000000E-004 ,  1.800000000000000E-005 , 0,  7.838099614942614E-006
  1.050000000000000E-004 ,  2.200000000000000E-005 , 0,  9.633008720364180E-006
  1.050000000000000E-004 ,  2.600000000000000E-005 , 0,  1.144652573817179E-005
  1.050000000000000E-004 ,  3.000000000000000E-005 , 0,  1.328890731874935E-005
  1.050000000000000E-004 ,  3.400000000000000E-005 , 0,  8.540347490978915E-004
  1.050000000000000E-004 ,  3.800000000000000E-005 , 0,  6.875047394975624E-003
  1.050000000000000E-004 ,  4.200000000000000E-005 , 0,  1.013546097766455E-002
  1.050000000000000E-004 ,  4.700000000000000E-005 , 0,  1.251164099535401E-002
  1.050000000000000E-004 ,  5.450000000000000E-005 , 0,  1.559428518412995E-002
  1.050000000000000E-004 ,  6.549999999999999E-005 , 0,  2.083029353416853E-002
  1.050000000000000E-004 ,  8.150000000000000E-005 , 0,  2.698046344820719E-002
  1.050000000000000E-004 ,  1.050000000000000E-004 , 0,  2.846024663260596E-002
  1.050000000000000E-004 ,  1.400000000000000E-004 , 0,  2.880488183300685E-002
  1.050000000000000E-004 ,  1.955000000000000E-004 , 0,  2.888447945581185E-002
  1.050000000000000E-004 ,  2.650000000000000E-004 , 0,  2.890554378309833E-002
  1.400000000000000E-004 ,  2.000000000000000E-006 , 0,  2.007163794490972E-007
  1.400000000000000E-004 ,  6.000000000000000E-006 , 0,  2.753040898917581E-006
  1.400000000000000E-004 ,  9.999999999999999E-006 , 0,  4.717521157733812E-006
  1.400000000000000E-004 ,  1.400000000000000E-005 , 0,  6.664823132931778E-006
  1.400000000000000E-004 ,  1.800000000000000E-005 , 0,  8.605956221785763E-006
  1.400000000000000E-004 ,  2.200000000000000E-005 , 0,  1.054569761564376E-005
  1.400000000000000E-004 ,  2.600000000000000E-005 , 0,  1.248793086287727E-005
  1.400000000000000E-004 ,  3.000000000000000E-005 , 0,  1.443599671506301E-005
  1.400000000000000E-004 ,  3.400000000000000E-005 , 0,  3.011624385673681E-005
  1.400000000000000E-004 ,  3.800000000000000E-005 , 0,  3.286057706359774E-003
  1.400000000000000E-004 ,  4.200000000000000E-005 , 0,  9.654131446107553E-003
  1.400000000000000E-004 ,  4.700000000000000E-005 , 0,  1.295499847123131E-002
  1.400000000000000E-004 ,  5.450000000000000E-005 , 0,  1.611354335559163E-002
  1.400000000000000E-004 ,  6.549999999999999E-005 , 0,  2.138604564677590E-002
  1.400000000000000E-004 ,  8.150000000000000E-005 , 0,  2.732524154677128E-002
  1.400000000000000E-004 ,  1.050000000000000E-004 , 0,  2.880487554284233E-002
  1.400000000000000E-004 ,  1.400000000000000E-004 , 0,  2.927504325630504E-002
  1.400000000000000E-004 ,  1.955000000000000E-004 , 0,  2.944103923381571E-002
  1.400000000000000E-004 ,  2.650000000000000E-004 , 0,  2.948930066900966E-002
  1.955000000000000E-004 ,  2.000000000000000E-006 , 0,  2.076596747093576E-007
  1.955000000000000E-004 ,  6.000000000000000E-006 , 0,  2.864619771840388E-006
  1.955000000000000E-004 ,  9.999999999999999E-006 , 0,  4.902392315882844E-006
  1.955000000000000E-004 ,  1.400000000000000E-005 , 0,  6.918699239442271E-006
  1.955000000000000E-004 ,  1.800000000000000E-005 , 0,  8.922028696636750E-006
  1.955000000000000E-004 ,  2.200000000000000E-005 , 0,  1.091542065453111E-005
  1.955000000000000E-004 ,  2.600000000000000E-005 , 0,  1.290458990271348E-005
  1.955000000000000E-004 ,  3.000000000000000E-005 , 0,  1.488942163261153E-005
  1.955000000000000E-004 ,  3.400000000000000E-005 , 0,  1.686935254465161E-005
  1.955000000000000E-004 ,  3.800000000000000E-005 , 0,  6.726928072456159E-004
  1.955000000000000E-004 ,  4.200000000000000E-005 , 0,  8.430890008356180E-003
  1.955000000000000E-004 ,  4.700000000000000E-005 , 0,  1.283005659463106E-002
  1.955000000000000E-004 ,  5.450000000000000E-005 , 0,  1.606554631168945E-002
  1.955000000000000E-004 ,  6.549999999999999E-005 , 0,  2.123056649380475E-002
  1.955000000000000E-004 ,  8.150000000000000E-005 , 0,  2.729885291584469E-002
  1.955000000000000E-004 ,  1.050000000000000E-004 , 0,  2.888447475846793E-002
  1.955000000000000E-004 ,  1.400000000000000E-004 , 0,  2.944103826397448E-002
  1.955000000000000E-004 ,  1.955000000000000E-004 , 0,  2.966572338987890E-002
  1.955000000000000E-004 ,  2.650000000000000E-004 , 0,  2.973550805489200E-002
  2.650000000000000E-004 ,  2.000000000000000E-006 , 0,  2.085426693226226E-007
  2.650000000000000E-004 ,  6.000000000000000E-006 , 0,  2.883091731277078E-006
  2.650000000000000E-004 ,  9.999999999999999E-006 , 0,  4.934482426960675E-006
  2.650000000000000E-004 ,  1.400000000000000E-005 , 0,  6.961280840781144E-006
  2.650000000000000E-004 ,  1.800000000000000E-005 , 0,  8.975511997456923E-006
  2.650000000000000E-004 ,  2.200000000000000E-005 , 0,  1.097940297589508E-005
  2.650000000000000E-004 ,  2.600000000000000E-005 , 0,  1.297298200486894E-005
  2.650000000000000E-004 ,  3.000000000000000E-005 , 0,  1.496125880353096E-005
  2.650000000000000E-004 ,  3.400000000000000E-005 , 0,  1.694645586745383E-005
  2.650000000000000E-004 ,  3.800000000000000E-005 , 0,  2.485374025181874E-004
  2.650000000000000E-004 ,  4.200000000000000E-005 , 0,  7.886174294479615E-003
  2.650000000000000E-004 ,  4.700000000000000E-005 , 0,  1.276511370720672E-002
  2.650000000000000E-004 ,  5.450000000000000E-005 , 0,  1.602938775541042E-002
  2.650000000000000E-004 ,  6.549999999999999E-005 , 0,  2.116962440817682E-002
  2.650000000000000E-004 ,  8.150000000000000E-005 , 0,  2.728919268566896E-002
  2.650000000000000E-004 ,  1.050000000000000E-004 , 0,  2.890554195722256E-002
  2.650000000000000E-004 ,  1.400000000000000E-004 , 0,  2.948930025735807E-002
  2.650000000000000E-004 ,  1.955000000000000E-004 , 0,  2.973550807470955E-002
  2.650000000000000E-004 ,  2.650000000000000E-004 , 0,  2.981537588092556E-002
